<?xml version="1.0"?>
<Locations >
  <Project >
    <file_marker column=" 1" line=" 1" >
      <vfs_project />
      <vfs_file>C:\Users\Etudiant\S1\SAE101\Semaine3\parking\src\parking.ads</vfs_file>
    </file_marker>
    <file_marker column=" 1" line=" 1" >
      <vfs_project>C:\Users\Etudiant\S1\SAE101\Semaine3\parking\src\default.gpr</vfs_project>
      <vfs_file>C:\Users\Etudiant\S1\SAE101\Semaine3\parking\src\main.adb</vfs_file>
    </file_marker>
    <file_marker column=" 15" line=" 16" >
      <vfs_project>C:\Users\Etudiant\S1\SAE101\Semaine3\parking\src\default.gpr</vfs_project>
      <vfs_file>C:\Users\Etudiant\S1\SAE101\Semaine3\parking\src\parking.ads</vfs_file>
    </file_marker>
    <file_marker column=" 1" line=" 1" >
      <vfs_project>C:\Users\Etudiant\S1\SAE101\Semaine3\parking\src\default.gpr</vfs_project>
      <vfs_file>C:\Users\Etudiant\S1\SAE101\Semaine3\parking\src\parking.ads</vfs_file>
    </file_marker>
    <file_marker column=" 4" line=" 9" >
      <vfs_project>C:\Users\Etudiant\S1\SAE101\Semaine3\parking\src\default.gpr</vfs_project>
      <vfs_file>C:\Users\Etudiant\S1\SAE101\Semaine3\parking\src\parking.ads</vfs_file>
    </file_marker>
    <file_marker column=" 1" line=" 1" >
      <vfs_project>C:\Users\Etudiant\S1\SAE101\Semaine3\parking\src\default.gpr</vfs_project>
      <vfs_file>C:\Users\Etudiant\S1\SAE101\Semaine3\parking\src\voiture.adb</vfs_file>
    </file_marker>
    <file_marker column=" 1" line=" 1" >
      <vfs_project>C:\Users\Etudiant\S1\SAE101\Semaine3\parking\src\default.gpr</vfs_project>
      <vfs_file>C:\Users\Etudiant\S1\SAE101\Semaine3\parking\src\parking.adb</vfs_file>
    </file_marker>
    <file_marker column=" 1" line=" 1" >
      <vfs_project>C:\Users\Etudiant\S1\SAE101\Semaine3\parking\src\default.gpr</vfs_project>
      <vfs_file>C:\Users\Etudiant\S1\SAE101\Semaine3\parking\src\main.adb</vfs_file>
    </file_marker>
    <file_marker column=" 1" line=" 1" >
      <vfs_project>C:\Users\Etudiant\S1\SAE101\Semaine3\parking\src\default.gpr</vfs_project>
      <vfs_file>C:\Users\Etudiant\S1\SAE101\Semaine3\parking\src\main.adb</vfs_file>
    </file_marker>
    <file_marker column=" 37" line=" 8" >
      <vfs_project>C:\Users\Etudiant\S1\SAE101\Semaine3\parking\src\default.gpr</vfs_project>
      <vfs_file>C:\Users\Etudiant\S1\SAE101\Semaine3\parking\src\parking.adb</vfs_file>
    </file_marker>
    <file_marker column=" 56" line=" 100" >
      <vfs_project>C:\Users\Etudiant\S1\SAE101\Semaine3\parking\src\default.gpr</vfs_project>
      <vfs_file>C:\Users\Etudiant\S1\SAE101\Semaine3\parking\src\parking.adb</vfs_file>
    </file_marker>
    <file_marker column=" 4" line=" 40" >
      <vfs_project>C:\Users\Etudiant\S1\SAE101\Semaine3\parking\src\default.gpr</vfs_project>
      <vfs_file>C:\Users\Etudiant\S1\SAE101\Semaine3\parking\src\parking.adb</vfs_file>
    </file_marker>
    <file_marker column=" 14" line=" 8" >
      <vfs_project>C:\Users\Etudiant\S1\SAE101\Semaine3\parking\src\default.gpr</vfs_project>
      <vfs_file>C:\Users\Etudiant\S1\SAE101\Semaine3\parking\src\parking.adb</vfs_file>
    </file_marker>
    <file_marker column=" 37" line=" 21" >
      <vfs_project>C:\Users\Etudiant\S1\SAE101\Semaine3\parking\src\default.gpr</vfs_project>
      <vfs_file>C:\Users\Etudiant\S1\SAE101\Semaine3\parking\src\parking.ads</vfs_file>
    </file_marker>
    <file_marker column=" 10" line=" 20" >
      <vfs_project>C:\Users\Etudiant\S1\SAE101\Semaine3\parking\src\default.gpr</vfs_project>
      <vfs_file>C:\Users\Etudiant\S1\SAE101\Semaine3\parking\src\parking.adb</vfs_file>
    </file_marker>
    <file_marker column=" 1" line=" 1" >
      <vfs_project>C:\Users\Etudiant\S1\SAE101\Semaine3\parking\src\default.gpr</vfs_project>
      <vfs_file>C:\Users\Etudiant\S1\SAE101\Semaine3\parking\src\voiture.ads</vfs_file>
    </file_marker>
    <file_marker column=" 38" line=" 20" >
      <vfs_project>C:\Users\Etudiant\S1\SAE101\Semaine3\parking\src\default.gpr</vfs_project>
      <vfs_file>C:\Users\Etudiant\S1\SAE101\Semaine3\parking\src\parking.adb</vfs_file>
    </file_marker>
    <file_marker column=" 1" line=" 1" >
      <vfs_project>C:\Users\Etudiant\S1\SAE101\Semaine3\parking\src\default.gpr</vfs_project>
      <vfs_file>C:\Users\Etudiant\S1\SAE101\Semaine3\parking\src\voiture.adb</vfs_file>
    </file_marker>
    <file_marker column=" 23" line=" 20" >
      <vfs_project>C:\Users\Etudiant\S1\SAE101\Semaine3\parking\src\default.gpr</vfs_project>
      <vfs_file>C:\Users\Etudiant\S1\SAE101\Semaine3\parking\src\parking.adb</vfs_file>
    </file_marker>
    <file_marker column=" 9" line=" 60" >
      <vfs_project>C:\Users\Etudiant\S1\SAE101\Semaine3\parking\src\default.gpr</vfs_project>
      <vfs_file>C:\Users\Etudiant\S1\SAE101\Semaine3\parking\src\voiture.adb</vfs_file>
    </file_marker>
    <file_marker column=" 32" line=" 58" >
      <vfs_project>C:\Users\Etudiant\S1\SAE101\Semaine3\parking\src\default.gpr</vfs_project>
      <vfs_file>C:\Users\Etudiant\S1\SAE101\Semaine3\parking\src\voiture.adb</vfs_file>
    </file_marker>
    <file_marker column=" 4" line=" 40" >
      <vfs_project>C:\Users\Etudiant\S1\SAE101\Semaine3\parking\src\default.gpr</vfs_project>
      <vfs_file>C:\Users\Etudiant\S1\SAE101\Semaine3\parking\src\parking.adb</vfs_file>
    </file_marker>
    <file_marker column=" 32" line=" 58" >
      <vfs_project>C:\Users\Etudiant\S1\SAE101\Semaine3\parking\src\default.gpr</vfs_project>
      <vfs_file>C:\Users\Etudiant\S1\SAE101\Semaine3\parking\src\voiture.adb</vfs_file>
    </file_marker>
    <file_marker column=" 1" line=" 1" >
      <vfs_project>C:\Users\Etudiant\S1\SAE101\Semaine3\parking\src\default.gpr</vfs_project>
      <vfs_file>C:\Users\Etudiant\S1\SAE101\Semaine3\parking\src\voiture.ads</vfs_file>
    </file_marker>
    <file_marker column=" 18" line=" 21" >
      <vfs_project>C:\Users\Etudiant\S1\SAE101\Semaine3\parking\src\default.gpr</vfs_project>
      <vfs_file>C:\Users\Etudiant\S1\SAE101\Semaine3\parking\src\test_parking.adb</vfs_file>
    </file_marker>
    <file_marker column=" 8" line=" 9" >
      <vfs_project>C:\Users\Etudiant\S1\SAE101\Semaine3\parking\src\default.gpr</vfs_project>
      <vfs_file>C:\Users\Etudiant\S1\SAE101\Semaine3\parking\src\test_parking.adb</vfs_file>
    </file_marker>
    <file_marker column=" 27" line=" 4" >
      <vfs_project>C:\Users\Etudiant\S1\SAE101\Semaine3\parking\src\default.gpr</vfs_project>
      <vfs_file>C:\Users\Etudiant\S1\SAE101\Semaine3\parking\src\test_parking.adb</vfs_file>
    </file_marker>
    <file_marker column=" 4" line=" 9" >
      <vfs_project>C:\Users\Etudiant\S1\SAE101\Semaine3\parking\src\default.gpr</vfs_project>
      <vfs_file>C:\Users\Etudiant\S1\SAE101\Semaine3\parking\src\test_parking.adb</vfs_file>
    </file_marker>
    <file_marker column=" 6" line=" 11" >
      <vfs_project>C:\Users\Etudiant\S1\SAE101\Semaine3\parking\src\default.gpr</vfs_project>
      <vfs_file>C:\Users\Etudiant\S1\SAE101\Semaine3\parking\src\test_parking.adb</vfs_file>
    </file_marker>
    <file_marker column=" 4" line=" 9" >
      <vfs_project>C:\Users\Etudiant\S1\SAE101\Semaine3\parking\src\default.gpr</vfs_project>
      <vfs_file>C:\Users\Etudiant\S1\SAE101\Semaine3\parking\src\test_parking.adb</vfs_file>
    </file_marker>
    <file_marker column=" 14" line=" 32" >
      <vfs_project>C:\Users\Etudiant\S1\SAE101\Semaine3\parking\src\default.gpr</vfs_project>
      <vfs_file>C:\Users\Etudiant\S1\SAE101\Semaine3\parking\src\parking.adb</vfs_file>
    </file_marker>
    <file_marker column=" 67" line=" 55" >
      <vfs_project>C:\Users\Etudiant\S1\SAE101\Semaine3\parking\src\default.gpr</vfs_project>
      <vfs_file>C:\Users\Etudiant\S1\SAE101\Semaine3\parking\src\parking.adb</vfs_file>
    </file_marker>
    <file_marker column=" 30" line=" 41" >
      <vfs_project>C:\Users\Etudiant\S1\SAE101\Semaine3\parking\src\default.gpr</vfs_project>
      <vfs_file>C:\Users\Etudiant\S1\SAE101\Semaine3\parking\src\parking.adb</vfs_file>
    </file_marker>
    <file_marker column=" 14" line=" 54" >
      <vfs_project>C:\Users\Etudiant\S1\SAE101\Semaine3\parking\src\default.gpr</vfs_project>
      <vfs_file>C:\Users\Etudiant\S1\SAE101\Semaine3\parking\src\parking.adb</vfs_file>
    </file_marker>
    <file_marker column=" 16" line=" 52" >
      <vfs_project>C:\Users\Etudiant\S1\SAE101\Semaine3\parking\src\default.gpr</vfs_project>
      <vfs_file>C:\Users\Etudiant\S1\SAE101\Semaine3\parking\src\parking.adb</vfs_file>
    </file_marker>
    <file_marker column=" 16" line=" 52" >
      <vfs_project>C:\Users\Etudiant\S1\SAE101\Semaine3\parking\src\default.gpr</vfs_project>
      <vfs_file>C:\Users\Etudiant\S1\SAE101\Semaine3\parking\src\parking.adb</vfs_file>
    </file_marker>
    <file_marker column=" 16" line=" 52" >
      <vfs_project>C:\Users\Etudiant\S1\SAE101\Semaine3\parking\src\default.gpr</vfs_project>
      <vfs_file>C:\Users\Etudiant\S1\SAE101\Semaine3\parking\src\parking.adb</vfs_file>
    </file_marker>
    <file_marker column=" 14" line=" 54" >
      <vfs_project>C:\Users\Etudiant\S1\SAE101\Semaine3\parking\src\default.gpr</vfs_project>
      <vfs_file>C:\Users\Etudiant\S1\SAE101\Semaine3\parking\src\parking.adb</vfs_file>
    </file_marker>
    <file_marker column=" 30" line=" 41" >
      <vfs_project>C:\Users\Etudiant\S1\SAE101\Semaine3\parking\src\default.gpr</vfs_project>
      <vfs_file>C:\Users\Etudiant\S1\SAE101\Semaine3\parking\src\parking.adb</vfs_file>
    </file_marker>
    <file_marker column=" 13" line=" 117" >
      <vfs_project>C:\Users\Etudiant\S1\SAE101\Semaine3\parking\src\default.gpr</vfs_project>
      <vfs_file>C:\Users\Etudiant\S1\SAE101\Semaine3\parking\src\parking.adb</vfs_file>
    </file_marker>
    <file_marker column=" 1" line=" 70" >
      <vfs_project>C:\Users\Etudiant\S1\SAE101\Semaine3\parking\src\default.gpr</vfs_project>
      <vfs_file>C:\Users\Etudiant\S1\SAE101\Semaine3\parking\src\parking.adb</vfs_file>
    </file_marker>
    <file_marker column=" 14" line=" 32" >
      <vfs_project>C:\Users\Etudiant\S1\SAE101\Semaine3\parking\src\default.gpr</vfs_project>
      <vfs_file>C:\Users\Etudiant\S1\SAE101\Semaine3\parking\src\parking.adb</vfs_file>
    </file_marker>
    <file_marker column=" 31" line=" 28" >
      <vfs_project>C:\Users\Etudiant\S1\SAE101\Semaine3\parking\src\default.gpr</vfs_project>
      <vfs_file>C:\Users\Etudiant\S1\SAE101\Semaine3\parking\src\parking.adb</vfs_file>
    </file_marker>
    <file_marker column=" 27" line=" 97" >
      <vfs_project>C:\Users\Etudiant\S1\SAE101\Semaine3\parking\src\default.gpr</vfs_project>
      <vfs_file>C:\Users\Etudiant\S1\SAE101\Semaine3\parking\src\parking.adb</vfs_file>
    </file_marker>
    <file_marker column=" 14" line=" 91" >
      <vfs_project>C:\Users\Etudiant\S1\SAE101\Semaine3\parking\src\default.gpr</vfs_project>
      <vfs_file>C:\Users\Etudiant\S1\SAE101\Semaine3\parking\src\parking.adb</vfs_file>
    </file_marker>
    <file_marker column=" 29" line=" 94" >
      <vfs_project>C:\Users\Etudiant\S1\SAE101\Semaine3\parking\src\default.gpr</vfs_project>
      <vfs_file>C:\Users\Etudiant\S1\SAE101\Semaine3\parking\src\parking.adb</vfs_file>
    </file_marker>
    <file_marker column=" 1" line=" 1" >
      <vfs_project />
      <vfs_file>C:\Users\Etudiant\S1\SAE101\Semaine3\parking\src\parking.ads</vfs_file>
    </file_marker>
    <file_marker column=" 1" line=" 1" >
      <vfs_project>C:\Users\Etudiant\S1\SAE101\Semaine3\parking\src\default.gpr</vfs_project>
      <vfs_file>C:\Users\Etudiant\S1\SAE101\Semaine3\parking\src\test_parking.adb</vfs_file>
    </file_marker>
    <file_marker column=" 1" line=" 1" >
      <vfs_project>C:\Users\Etudiant\S1\SAE101\Semaine3\parking\src\default.gpr</vfs_project>
      <vfs_file>C:\Users\Etudiant\S1\SAE101\Semaine3\parking\src\parking.ads</vfs_file>
    </file_marker>
    <file_marker column=" 1" line=" 1" >
      <vfs_project>C:\Users\Etudiant\S1\SAE101\Semaine3\parking\src\default.gpr</vfs_project>
      <vfs_file>C:\Users\Etudiant\S1\SAE101\Semaine3\parking\src\parking.adb</vfs_file>
    </file_marker>
    <file_marker column=" 24" line=" 17" >
      <vfs_project>C:\Users\Etudiant\S1\SAE101\Semaine3\parking\src\default.gpr</vfs_project>
      <vfs_file>C:\Users\Etudiant\S1\SAE101\Semaine3\parking\src\test_parking.adb</vfs_file>
    </file_marker>
    <file_marker current="true" column=" 21" line=" 13" >
      <vfs_project>C:\Users\Etudiant\S1\SAE101\Semaine3\parking\src\default.gpr</vfs_project>
      <vfs_file>C:\Users\Etudiant\S1\SAE101\Semaine3\parking\src\test_parking.adb</vfs_file>
    </file_marker>
  </Project>
</Locations>
